evaluation,database,eligible_curves,observed_points,selected_gate,selected_alpha,activation_rate,spacbb_point_mae,best_nonphysics,best_nonphysics_point_mae,point_mae_improvement_pct,spacbb_grid_mae,raw_pacbb_grid_mae,basquin_grid_mae,raw_to_selective_grid_improvement_pct
leave-one-database-out,AM2022,1015,2,support-weighted residual,0.5,0.9714285714285714,0.37095112938587904,RandomForest,0.46454405003222066,20.147264966551617,0.2887367351997983,0.39164795665221813,0.26680055260658264,26.276460710301773
leave-one-database-out,AM2022,1015,3,tail-aware residual,0.25,0.9901477832512315,0.3328043607146367,RandomForest,0.438550767409478,24.11269448221148,0.22950827275784777,0.3628092931620226,0.229530468583107,36.741346739606676
leave-one-database-out,AM2022,1015,4,residual magnitude,0.25,0.9980295566502463,0.31906201730914224,ExtraTrees,0.4343495926605489,26.542577062229626,0.21045393952841784,0.33880685800113003,0.21009019017219543,37.88380177129829
leave-one-database-out,CMA2022,105,2,support-weighted residual,0.5,1.0,0.5268262608491223,RandomForest,0.4634844243240013,-13.666443401524447,0.4782734781148888,0.8017286913336388,0.28349488973617554,40.34472218783852
leave-one-database-out,CMA2022,105,3,residual / spread,0.25,1.0,0.3898330680118827,RandomForest,0.43955735342174007,11.312354354392662,0.3098464809862586,0.7498867037151719,0.24397717416286469,58.68089413358274
leave-one-database-out,CMA2022,105,4,support-weighted residual,0.25,1.0,0.3652835081955862,RandomForest,0.4717006237487029,22.560308423465244,0.2737805408370193,0.7090920473892419,0.21370607614517212,61.38998570847983
leave-one-database-out,Weld2025,2817,2,residual / spread,0.5,0.8856940007099752,0.32756134594990866,RandomForest,0.5673000839907124,42.25959854515528,0.2542174886745977,0.3636948397279118,0.23397375643253326,30.1014309510733
leave-one-database-out,Weld2025,2817,3,tail-aware residual,0.25,0.8384806531771388,0.2759841731432406,Linear,0.5119826792041151,46.09501759468461,0.19084057245306577,0.33046586535203865,0.18873773515224457,42.25104845555921
leave-one-database-out,Weld2025,2817,4,tail-aware residual,0.5,0.9552715654952076,0.28536043261082134,Linear,0.4649280526050083,38.62266838665966,0.2032976964435563,0.30790016608643994,0.16572394967079163,33.97285262052036
