comparison,known,metric,mean_delta_other_minus_full,ci_low,ci_high,curves,paired_seeds
no_physics-minus-full,2,mae_logN,0.009781035759372956,0.0016323803578299615,0.01870658053844538,203,5
no_physics-minus-full,2,grid_mae_logN,0.015509496577854812,0.006612974011105271,0.025441748400957417,203,5
no_physics-minus-full,2,slope_error,0.040798879940092424,-0.11791392411934831,0.1956042278178521,203,5
no_physics-minus-full,2,monotonic_violation,0.011438304465278883,0.0046280589543937715,0.018505705744477994,203,5
no_physics-minus-full,2,energy_score,0.016948937649555698,0.006940893826676283,0.027889859864122162,203,5
no_physics-minus-full,3,mae_logN,0.005983414304280804,-0.0015528221866928792,0.013881191215613889,203,5
no_physics-minus-full,3,grid_mae_logN,0.015754670983758465,0.006589239691498832,0.026711820992709967,203,5
no_physics-minus-full,3,slope_error,0.028936680907661078,-0.11656680579871823,0.18522102629923437,203,5
no_physics-minus-full,3,monotonic_violation,0.00970622119815668,0.003919012196090894,0.01565042507548069,203,5
no_physics-minus-full,3,energy_score,0.01762234465965359,0.0068753411177295345,0.030550788029175133,203,5
no_physics-minus-full,4,mae_logN,0.006941216089628428,-0.0016199704388638056,0.016171982366053037,203,5
no_physics-minus-full,4,grid_mae_logN,0.01488074842344951,0.005939267201376666,0.026065209937359883,203,5
no_physics-minus-full,4,slope_error,0.10610067033764953,-0.026334674059061963,0.2520058426271401,203,5
no_physics-minus-full,4,monotonic_violation,0.009498649292865088,0.003768845344033052,0.0155091222389957,203,5
no_physics-minus-full,4,energy_score,0.017252709877656407,0.006820482658984055,0.030432525277491622,203,5
early_concat-minus-full,2,mae_logN,0.022336041827819526,0.00442915186216252,0.04153635875690643,203,3
early_concat-minus-full,2,grid_mae_logN,0.022517602945783456,0.0049004223947038605,0.04132431854504621,203,3
early_concat-minus-full,2,slope_error,0.21412906639072718,-0.007161769819732383,0.43844884465532763,203,3
early_concat-minus-full,2,monotonic_violation,-0.004652987446368982,-0.014690885044229041,0.005247604812225218,203,3
early_concat-minus-full,2,energy_score,0.02504022361543002,0.005479309564606394,0.046054619377149594,203,3
early_concat-minus-full,3,mae_logN,0.013505143591469837,0.00015007704716378623,0.0270867141364449,203,3
early_concat-minus-full,3,grid_mae_logN,0.017807338600871206,0.003362441469711819,0.03322866400443812,203,3
early_concat-minus-full,3,slope_error,0.052820726427963316,-0.15145971467735458,0.2634746594557715,203,3
early_concat-minus-full,3,monotonic_violation,-0.00048499655702102893,-0.009984763162773453,0.009056152007521584,203,3
early_concat-minus-full,3,energy_score,0.0188959627878794,0.0027388002243540852,0.03604928795901728,203,3
early_concat-minus-full,4,mae_logN,-0.0017653714482767896,-0.016139645841040936,0.012397836928099629,203,3
early_concat-minus-full,4,grid_mae_logN,0.002390237827900008,-0.010959372945031999,0.017896817180470294,203,3
early_concat-minus-full,4,slope_error,0.10763782187761377,-0.08199101568169102,0.3003226966977489,203,3
early_concat-minus-full,4,monotonic_violation,0.0007796361036071834,-0.007801326871126648,0.00930105043964193,203,3
early_concat-minus-full,4,energy_score,0.005230791527401926,-0.009942395026895699,0.02244495264620273,203,3
no_shape-minus-full,2,mae_logN,-0.0017541091007900135,-0.009750600877384481,0.006457475589225785,203,3
no_shape-minus-full,2,grid_mae_logN,0.0006153863198651472,-0.006820008240040692,0.008103137853905583,203,3
no_shape-minus-full,2,slope_error,-0.08934444310267879,-0.22376298163595593,0.04201523627146805,203,3
no_shape-minus-full,2,monotonic_violation,0.015728454896975476,0.008562713530907356,0.02332618253085439,203,3
no_shape-minus-full,2,energy_score,0.0001057403492144267,-0.008252609013911035,0.008614288504145258,203,3
no_shape-minus-full,3,mae_logN,0.001499926502477375,-0.005503130317696266,0.0085570052203019,203,3
no_shape-minus-full,3,grid_mae_logN,-0.0015206899377708564,-0.0075036629315692015,0.004662969725264605,203,3
no_shape-minus-full,3,slope_error,-0.1807398932415139,-0.3240778854212958,-0.048897441060934584,203,3
no_shape-minus-full,3,monotonic_violation,0.017893558980878223,0.011710970191747445,0.02420857003813761,203,3
no_shape-minus-full,3,energy_score,-0.003292073141766999,-0.010594443393208723,0.004292700189918431,203,3
no_shape-minus-full,4,mae_logN,0.00097754960122278,-0.005082064356509592,0.006979507878543467,203,3
no_shape-minus-full,4,grid_mae_logN,-0.0003240051111955756,-0.005711723661297941,0.005098282771218683,203,3
no_shape-minus-full,4,slope_error,-0.08421997784291291,-0.20407300156455085,0.03722938768867882,203,3
no_shape-minus-full,4,monotonic_violation,0.016147240319932202,0.009387042150007945,0.022650828963398484,203,3
no_shape-minus-full,4,energy_score,-0.0010695922818488508,-0.007234215039313051,0.005121636239995564,203,3
