coverage90,coverage90_seed_sd,crps_logN,crps_logN_seed_sd,energy_score,energy_score_seed_sd,grid_mae_logN,grid_mae_logN_seed_sd,known,mae_logN,mae_logN_seed_sd,monotonic_violation,monotonic_violation_seed_sd,seconds_per_curve,seconds_per_curve_seed_sd,seeds,slope_error,slope_error_seed_sd,variant
0.023775768678985138,0.005659234723770555,0.34868830136285167,0.004630487035892308,0.35337021744176667,0.0030118589566594535,0.29179043405014893,0.0025043437905467774,2,0.353413411681551,0.004468230916095816,0.15382269982520258,0.003947965979422539,0.1806047629840268,0.008934014886286909,5,2.7882127321146233,0.08726727985459141,full
0.026790353637392305,0.004200060486454714,0.32424271496705953,0.010539393231497189,0.31590441827970206,0.00839615791681163,0.2562411349688845,0.007020848234912452,3,0.32822937716890455,0.010422584551270007,0.16652331956141747,0.004520829524100949,0.041418677832692714,0.0014053884026063738,5,2.4547086635955244,0.07693576254780798,full
0.01955137563892397,0.004315115920755797,0.31460147232538327,0.009096143581663465,0.2898611696220352,0.009264910072129737,0.23337194305922598,0.00803298877732455,4,0.3183190141892026,0.009023702872399453,0.17203043063721593,0.0025060656219757986,0.04140467338374095,0.0017431922604967114,5,2.250809246643782,0.08152057432080942,full
0.027778951320098815,0.0022110589097129553,0.3585875256542416,0.005494927645180101,0.3703191550913223,0.012125600677737026,0.3072999306280037,0.010096381490765145,2,0.363194447440924,0.005581083876222496,0.16526100429048146,0.00788011652817995,0.1892295792772265,0.028929704135907383,5,2.8290116120547153,0.07853287358951455,no_physics
0.022622878673771295,0.004211352848163822,0.3304769180923451,0.0034748320885900426,0.33352676293935574,0.007721986173958365,0.27199580595264294,0.006261703282177336,3,0.3342127914731853,0.0034962330921143227,0.17622954075957414,0.005757113837816161,0.04082250876966955,0.0016558432304139886,5,2.483645344503185,0.055864213383976256,no_physics
0.027300438561612482,0.00644581890259778,0.3217185604336726,0.004194055382617334,0.3071138794996916,0.0076615742899412975,0.24825269148267548,0.005376193876183243,4,0.32526023027883105,0.0042467514953730915,0.18152907993008102,0.007802056697786716,0.04140792527222281,0.001413694180260967,5,2.3569099169814316,0.04401192120165844,no_physics
0.031102256137028664,0.003780409532975967,0.3699705039845183,0.005843030196666835,0.3780870810455928,0.00376761285289091,0.3148263723930506,0.0017274649087110627,2,0.3761980527126738,0.0059717701269498095,0.1467867736638593,0.0018577422783744389,0.1439425401108214,0.0008024699030892394,3,2.9975719057250543,0.0970560982990681,early_concat
0.030938473797191498,0.00579144493368909,0.3347519215092005,0.0008374669525129698,0.3362278599984541,0.002923588483636501,0.2751870836041048,0.0032935271975625805,3,0.3398731733835936,0.001177435809178987,0.1656519810371312,0.006467510387661155,0.028364022964327208,8.884241683829084e-05,3,2.5542000461537935,0.1155251627457519,early_concat
0.02767383429322197,0.0028357375207087284,0.3106590231277713,0.003355312502419681,0.2963942558206705,0.0035992161602636393,0.23711001194022563,0.0048161194066025865,4,0.3152306665098786,0.0030872630123009994,0.17357083267122198,0.0032627501421649712,0.028834896917609352,0.0007305258397406512,3,2.3922625483704376,0.05558109487361096,early_concat
0.02454242822976523,0.0016921683980446857,0.34725742225745954,0.0033834252884075607,0.35315259777937724,0.004230501240570778,0.29292415576713227,0.004119596837825992,2,0.3521079017840643,0.0032055952499814144,0.16716821600720375,0.0075420054796635,0.16572696234792325,0.006368951906358549,3,2.6940983962316474,0.06958617489416709,no_shape
0.027276565193898542,0.004056069494582233,0.323752180185036,0.004780811965368513,0.31403982406880765,0.004387749613209848,0.25585905506546275,0.004608768388567716,3,0.32786795629460114,0.004640477164952859,0.18403053657503046,0.007488522620302526,0.040698745959302285,0.0011189304033112325,3,2.3206394264843158,0.0763734130420816,no_shape
0.02823278290286328,0.008764052400471714,0.3141266796508538,0.0035562887685512464,0.29009387201141973,0.0032239148247130427,0.23439576900113002,0.0037055881223474994,4,0.31797358755937816,0.00345244430453761,0.188938436887547,0.008186230422931746,0.04056127513766484,0.0010126780253503077,3,2.2004047486499116,0.03340981845460295,no_shape
,,,,,,0.24470852462235343,,2,0.31431327735438486,,0.0,,,,1,2.624079416774619,,basquin_only
,,,,,,0.2062908900635583,,3,0.28348887685900986,,0.0,,,,1,2.2264887301520377,,basquin_only
,,,,,,0.19471900943171214,,4,0.2793294671423596,,0.0,,,,1,2.1082286970530513,,basquin_only
